,T_WH1,T_WH2,T_WH3,T_WH4,T_WH5,T_WH6,T_WH7,T_WH8,T_WH9,T_WH10,T_WH11,T_WH12
T_WH1,0.9336315011289061,0.0487385349004408,0.0012914907523848406,2.2902828555426273e-05,3.0508581905241717e-07,3.2537449081272033e-09,2.8930628162069692e-11,2.205500035668598e-13,1.4714489464902981e-15,8.727621540501201e-18,4.658168196411201e-20,2.2710163638976336e-22
T_WH2,0.0487385349004408,0.8939314726851599,0.047675230109580684,0.0012725334262685898,2.264949003235383e-05,3.0237818923342484e-07,3.2296333685001702e-09,2.8746606146278574e-11,2.1932116982428942e-13,1.464155166656585e-15,8.688671142971437e-18,4.65816819641123e-20
T_WH3,0.0012914907523848406,0.04767523010958068,0.8939125153590437,0.047674976771057614,0.0012725307186387707,2.2649465920814208e-05,3.02378005211409e-07,3.229632139666429e-09,2.8746598852498735e-11,2.193211308738924e-13,1.464155166656583e-15,8.727621540501144e-18
T_WH4,2.290282855542628e-05,0.0012725334262685896,0.047674976771057614,0.893912512651414,0.04767497674694607,0.001272530718454749,2.2649465919585373e-05,3.023780052041154e-07,3.2296321396274752e-09,2.8746598852498777e-11,2.1932116982428993e-13,1.4714489464902976e-15
T_WH5,3.0508581905241743e-07,2.2649490032353836e-05,0.001272530718638771,0.047674976746946075,0.8939125126512298,0.047674976746944854,0.001272530718454742,2.2649465919585342e-05,3.0237800520411514e-07,3.229632139666429e-09,2.8746606146278622e-11,2.2055000356686034e-13
T_WH6,3.2537449081272037e-09,3.0237818923342484e-07,2.2649465920814214e-05,0.001272530718454749,0.04767497674694485,0.8939125126512298,0.047674976746944854,0.001272530718454742,2.2649465919585373e-05,3.023780052114091e-07,3.2296333685001723e-09,2.893062816206971e-11
T_WH7,2.893062816206972e-11,3.229633368500171e-09,3.0237800521140915e-07,2.264946591958537e-05,0.0012725307184547415,0.04767497674694485,0.89391251265123,0.047674976746944854,0.001272530718454749,2.2649465920814208e-05,3.023781892334249e-07,3.2537449081272033e-09
T_WH8,2.2055000356686039e-13,2.8746606146278568e-11,3.229632139666431e-09,3.023780052041152e-07,2.264946591958533e-05,0.0012725307184547415,0.04767497674694485,0.89391251265123,0.04767497674694608,0.001272530718638771,2.2649490032353836e-05,3.050858190524174e-07
T_WH9,1.4714489464902966e-15,2.1932116982428897e-13,2.8746598852498813e-11,3.2296321396274777e-09,3.023780052041152e-07,2.264946591958537e-05,0.0012725307184547488,0.04767497674694608,0.893912512651414,0.04767497677105762,0.0012725334262685898,2.2902828555426284e-05
T_WH10,8.727621540501092e-18,1.4641551666565706e-15,2.1932113087389272e-13,2.8746598852498768e-11,3.2296321396664276e-09,3.0237800521140894e-07,2.2649465920814208e-05,0.0012725307186387707,0.0476749767710576,0.8939125153590436,0.04767523010958068,0.0012914907523848408
T_WH11,4.65816819641112e-20,8.688671142971306e-18,1.4641551666565878e-15,2.193211698242896e-13,2.8746606146278597e-11,3.229633368500167e-09,3.0237818923342474e-07,2.264949003235383e-05,0.0012725334262685898,0.047675230109580684,0.8939314726851599,0.04873853490044079
T_WH12,2.2710163638974705e-22,4.65816819641108e-20,8.727621540501195e-18,1.4714489464902964e-15,2.2055000356686044e-13,2.8930628162069612e-11,3.253744908127197e-09,3.050858190524171e-07,2.290282855542627e-05,0.0012914907523848404,0.04873853490044078,0.9336315011289059
